<?xml version="1.0" encoding="UTF-8"?>
<project-private xmlns="http://www.netbeans.org/ns/project-private/1">
    <editor-bookmarks xmlns="http://www.netbeans.org/ns/editor-bookmarks/2" lastBookmarkId="0"/>
    <open-files xmlns="http://www.netbeans.org/ns/projectui-open-files/2">
        <group>
            <file>file:/home/saleh/Desktop/EEPS-master/src/eeps/GradeClass.java</file>
            <file>file:/home/saleh/Desktop/EEPS-master/src/eeps/passwordError.java</file>
            <file>file:/home/saleh/Desktop/EEPS-master/src/eeps/EngineerClass.java</file>
            <file>file:/home/saleh/Desktop/EEPS-master/src/eeps/Delete.java</file>
            <file>file:/home/saleh/Desktop/EEPS-master/src/eeps/removeTrainee.java</file>
            <file>file:/home/saleh/Desktop/EEPS-master/src/eeps/updateEngineer.java</file>
            <file>file:/home/saleh/Desktop/EEPS-master/src/eeps/removeEngineer.java</file>
            <file>file:/home/saleh/Desktop/EEPS-master/src/eeps/Add.java</file>
            <file>file:/home/saleh/Desktop/EEPS-master/src/eeps/Engineer.java</file>
            <file>file:/home/saleh/Desktop/EEPS-master/src/eeps/EmployeeClass.java</file>
            <file>file:/home/saleh/Desktop/EEPS-master/src/eeps/AddEngineer.java</file>
            <file>file:/home/saleh/Desktop/EEPS-master/src/eeps/EEPS.java</file>
        </group>
    </open-files>
</project-private>
